Method,Job,AnalyzeLaunchVariance,EvaluateOverhead,MaxAbsoluteError,MaxRelativeError,MinInvokeCount,MinIterationTime,OutlierMode,Affinity,EnvironmentVariables,Jit,LargeAddressAware,Platform,PowerPlanMode,Runtime,AllowVeryLargeObjects,Concurrent,CpuGroups,Force,HeapAffinitizeMask,HeapCount,NoAffinitize,RetainVm,Server,Arguments,BuildConfiguration,Clock,EngineFactory,NuGetReferences,Toolchain,IsMutator,InvocationCount,IterationCount,IterationTime,LaunchCount,MaxIterationCount,MaxWarmupIterationCount,MemoryRandomization,MinIterationCount,MinWarmupIterationCount,RunStrategy,UnrollFactor,WarmupCount,RangeSpan,CacheCoefficientSize,Mean,Error,Ratio,Allocated,Alloc Ratio
User_FullHit_Snapshot,Dry,False,Default,Default,Default,Default,Default,Default,11111111,Empty,RyuJit,Default,X64,8c5e7fda-e8bf-4a96-9a85-a6e23a8c635c,.NET 8.0,False,True,False,True,Default,Default,False,False,False,Default,Default,Default,Default,Default,Default,Default,Default,1,Default,1,Default,Default,Default,Default,Default,ColdStart,1,1,100,1,2.640 ms,NA,1.00,1.77 KB,1.00
User_FullHit_Snapshot,Dry,False,Default,Default,Default,Default,Default,Default,11111111,Empty,RyuJit,Default,X64,8c5e7fda-e8bf-4a96-9a85-a6e23a8c635c,.NET 8.0,False,True,False,True,Default,Default,False,False,False,Default,Default,Default,Default,Default,Default,Default,Default,1,Default,1,Default,Default,Default,Default,Default,ColdStart,1,1,100,10,2.167 ms,NA,1.00,1.77 KB,1.00
User_FullHit_Snapshot,Dry,False,Default,Default,Default,Default,Default,Default,11111111,Empty,RyuJit,Default,X64,8c5e7fda-e8bf-4a96-9a85-a6e23a8c635c,.NET 8.0,False,True,False,True,Default,Default,False,False,False,Default,Default,Default,Default,Default,Default,Default,Default,1,Default,1,Default,Default,Default,Default,Default,ColdStart,1,1,100,100,2.283 ms,NA,1.00,1.77 KB,1.00
User_FullHit_Snapshot,Dry,False,Default,Default,Default,Default,Default,Default,11111111,Empty,RyuJit,Default,X64,8c5e7fda-e8bf-4a96-9a85-a6e23a8c635c,.NET 8.0,False,True,False,True,Default,Default,False,False,False,Default,Default,Default,Default,Default,Default,Default,Default,1,Default,1,Default,Default,Default,Default,Default,ColdStart,1,1,100,1000,2.671 ms,NA,1.00,1.77 KB,1.00
User_FullHit_Snapshot,Dry,False,Default,Default,Default,Default,Default,Default,11111111,Empty,RyuJit,Default,X64,8c5e7fda-e8bf-4a96-9a85-a6e23a8c635c,.NET 8.0,False,True,False,True,Default,Default,False,False,False,Default,Default,Default,Default,Default,Default,Default,Default,1,Default,1,Default,Default,Default,Default,Default,ColdStart,1,1,1000,1,1.823 ms,NA,1.00,1.77 KB,1.00
User_FullHit_Snapshot,Dry,False,Default,Default,Default,Default,Default,Default,11111111,Empty,RyuJit,Default,X64,8c5e7fda-e8bf-4a96-9a85-a6e23a8c635c,.NET 8.0,False,True,False,True,Default,Default,False,False,False,Default,Default,Default,Default,Default,Default,Default,Default,1,Default,1,Default,Default,Default,Default,Default,ColdStart,1,1,1000,10,2.139 ms,NA,1.00,1.77 KB,1.00
User_FullHit_Snapshot,Dry,False,Default,Default,Default,Default,Default,Default,11111111,Empty,RyuJit,Default,X64,8c5e7fda-e8bf-4a96-9a85-a6e23a8c635c,.NET 8.0,False,True,False,True,Default,Default,False,False,False,Default,Default,Default,Default,Default,Default,Default,Default,1,Default,1,Default,Default,Default,Default,Default,ColdStart,1,1,1000,100,2.250 ms,NA,1.00,1.77 KB,1.00
User_FullHit_Snapshot,Dry,False,Default,Default,Default,Default,Default,Default,11111111,Empty,RyuJit,Default,X64,8c5e7fda-e8bf-4a96-9a85-a6e23a8c635c,.NET 8.0,False,True,False,True,Default,Default,False,False,False,Default,Default,Default,Default,Default,Default,Default,Default,1,Default,1,Default,Default,Default,Default,Default,ColdStart,1,1,1000,1000,1.853 ms,NA,1.00,1.77 KB,1.00
User_FullHit_Snapshot,Dry,False,Default,Default,Default,Default,Default,Default,11111111,Empty,RyuJit,Default,X64,8c5e7fda-e8bf-4a96-9a85-a6e23a8c635c,.NET 8.0,False,True,False,True,Default,Default,False,False,False,Default,Default,Default,Default,Default,Default,Default,Default,1,Default,1,Default,Default,Default,Default,Default,ColdStart,1,1,10000,1,1.893 ms,NA,1.00,1.77 KB,1.00
User_FullHit_Snapshot,Dry,False,Default,Default,Default,Default,Default,Default,11111111,Empty,RyuJit,Default,X64,8c5e7fda-e8bf-4a96-9a85-a6e23a8c635c,.NET 8.0,False,True,False,True,Default,Default,False,False,False,Default,Default,Default,Default,Default,Default,Default,Default,1,Default,1,Default,Default,Default,Default,Default,ColdStart,1,1,10000,10,1.860 ms,NA,1.00,1.77 KB,1.00
User_FullHit_Snapshot,Dry,False,Default,Default,Default,Default,Default,Default,11111111,Empty,RyuJit,Default,X64,8c5e7fda-e8bf-4a96-9a85-a6e23a8c635c,.NET 8.0,False,True,False,True,Default,Default,False,False,False,Default,Default,Default,Default,Default,Default,Default,Default,1,Default,1,Default,Default,Default,Default,Default,ColdStart,1,1,10000,100,2.068 ms,NA,1.00,1.77 KB,1.00
User_FullHit_Snapshot,Dry,False,Default,Default,Default,Default,Default,Default,11111111,Empty,RyuJit,Default,X64,8c5e7fda-e8bf-4a96-9a85-a6e23a8c635c,.NET 8.0,False,True,False,True,Default,Default,False,False,False,Default,Default,Default,Default,Default,Default,Default,Default,1,Default,1,Default,Default,Default,Default,Default,ColdStart,1,1,10000,1000,2.107 ms,NA,1.00,1.77 KB,1.00
User_FullHit_Snapshot,Dry,False,Default,Default,Default,Default,Default,Default,11111111,Empty,RyuJit,Default,X64,8c5e7fda-e8bf-4a96-9a85-a6e23a8c635c,.NET 8.0,False,True,False,True,Default,Default,False,False,False,Default,Default,Default,Default,Default,Default,Default,Default,1,Default,1,Default,Default,Default,Default,Default,ColdStart,1,1,100000,1,2.689 ms,NA,1.00,1.77 KB,1.00
User_FullHit_Snapshot,Dry,False,Default,Default,Default,Default,Default,Default,11111111,Empty,RyuJit,Default,X64,8c5e7fda-e8bf-4a96-9a85-a6e23a8c635c,.NET 8.0,False,True,False,True,Default,Default,False,False,False,Default,Default,Default,Default,Default,Default,Default,Default,1,Default,1,Default,Default,Default,Default,Default,ColdStart,1,1,100000,10,2.164 ms,NA,1.00,1.77 KB,1.00
User_FullHit_Snapshot,Dry,False,Default,Default,Default,Default,Default,Default,11111111,Empty,RyuJit,Default,X64,8c5e7fda-e8bf-4a96-9a85-a6e23a8c635c,.NET 8.0,False,True,False,True,Default,Default,False,False,False,Default,Default,Default,Default,Default,Default,Default,Default,1,Default,1,Default,Default,Default,Default,Default,ColdStart,1,1,100000,100,2.203 ms,NA,1.00,1.77 KB,1.00
User_FullHit_Snapshot,Dry,False,Default,Default,Default,Default,Default,Default,11111111,Empty,RyuJit,Default,X64,8c5e7fda-e8bf-4a96-9a85-a6e23a8c635c,.NET 8.0,False,True,False,True,Default,Default,False,False,False,Default,Default,Default,Default,Default,Default,Default,Default,1,Default,1,Default,Default,Default,Default,Default,ColdStart,1,1,100000,1000,2.517 ms,NA,1.00,1.48 KB,1.00
User_FullHit_Snapshot,Dry,False,Default,Default,Default,Default,Default,Default,11111111,Empty,RyuJit,Default,X64,8c5e7fda-e8bf-4a96-9a85-a6e23a8c635c,.NET 8.0,False,True,False,True,Default,Default,False,False,False,Default,Default,Default,Default,Default,Default,Default,Default,1,Default,1,Default,Default,Default,Default,Default,ColdStart,1,1,1000000,1,1.882 ms,NA,1.00,1.77 KB,1.00
User_FullHit_Snapshot,Dry,False,Default,Default,Default,Default,Default,Default,11111111,Empty,RyuJit,Default,X64,8c5e7fda-e8bf-4a96-9a85-a6e23a8c635c,.NET 8.0,False,True,False,True,Default,Default,False,False,False,Default,Default,Default,Default,Default,Default,Default,Default,1,Default,1,Default,Default,Default,Default,Default,ColdStart,1,1,1000000,10,2.014 ms,NA,1.00,1.77 KB,1.00
User_FullHit_Snapshot,Dry,False,Default,Default,Default,Default,Default,Default,11111111,Empty,RyuJit,Default,X64,8c5e7fda-e8bf-4a96-9a85-a6e23a8c635c,.NET 8.0,False,True,False,True,Default,Default,False,False,False,Default,Default,Default,Default,Default,Default,Default,Default,1,Default,1,Default,Default,Default,Default,Default,ColdStart,1,1,1000000,100,2.358 ms,NA,1.00,1.77 KB,1.00
User_FullHit_Snapshot,Dry,False,Default,Default,Default,Default,Default,Default,11111111,Empty,RyuJit,Default,X64,8c5e7fda-e8bf-4a96-9a85-a6e23a8c635c,.NET 8.0,False,True,False,True,Default,Default,False,False,False,Default,Default,Default,Default,Default,Default,Default,Default,1,Default,1,Default,Default,Default,Default,Default,ColdStart,1,1,1000000,1000,49.120 ms,NA,1.00,2.39 KB,1.00
